"Rank","Player","TACKLE","ASSIST","SACK","PD","INT","FF","FR","DEF TD","G","FPTS","FPTS/G","ROST"
"1","Sheldon Rankins (CIN)","5","0","3","0","0","1","0","0","1","28.5","28.5","1.7%"
"2","Dayo Odeyingbo (IND)","4","0","3","0","0","0","0","0","1","25.5","25.5","1.7%"
"3","BJ Ojulari (ARI)","4","4","2","0","0","0","0","0","1","22.0","22.0","2.4%"
"4","Nick Bosa (SF)","2","1","1.5","1","0","1","1","0","1","21.8","21.8","62.7%"
"5","Derrick Brown (CAR)","9","1","0","0","0","0","0","0","1","19.3","19.3","39.1%"
"6","Jadeveon Clowney (CAR)","2","4","2","0","0","0","0","0","1","19.0","19.0","22.3%"
"7","Boye Mafe (SEA)","4","1","1","1","0","0","0","0","1","14.8","14.8","8.2%"
"8","Odafe Oweh (BAL)","4","0","1","0","0","1","0","0","1","14.0","14.0","5.6%"
"9","Greg Rousseau (BUF)","4","2","1","0","0","0","0","0","1","14.0","14.0","14.7%"
"10","Javon Hargrave (SF)","3","1","1.5","0","0","0","0","0","1","13.8","13.8","14.0%"
"11","Jonathan Greenard (MIN)","3","0","1","0","0","0","0","0","1","13.5","13.5","28.5%"
"12","Teair Tart (MIA)","2","1","1","0","0","0","0","0","1","12.8","12.8","0.1%"
"13","Yaya Diaby (TB)","2","0","1","0","0","0","0","0","1","12.0","12.0","7.4%"
"14","D.J. Wonnum (CAR)","3","1","1","0","0","0","0","0","1","11.8","11.8","11.5%"
"15","A.J. Epenesa (BUF)","1","2","1.5","0","0","0","0","0","1","11.5","11.5","2.6%"
"16","Myles Garrett (CLE)","1","2","1.5","0","0","0","0","0","1","11.5","11.5","63.2%"
"17","DeForest Buckner (IND)","4","4","0","0","0","0","0","0","1","11.5","11.5","46.4%"
"18","Malcolm Koonce (LV)","2","0","1","0","0","1","0","0","1","11.0","11.0","3.5%"
"19","Denico Autry (HOU)","3","0","1","0","0","0","0","0","1","11.0","11.0","9.5%"
"20","Justin Jones (ARI)","3","0","1","0","0","0","0","0","1","11.0","11.0","2.3%"
"21","Quinnen Williams (NYJ)","2","2","0.5","1","0","0","0","0","1","10.5","10.5","26.3%"
"22","Dorance Armstrong Jr. (WAS)","2","1","1","0","0","0","0","0","1","10.3","10.3","3.5%"
"23","Sam Williams (DAL)","2","1","1","0","0","0","0","0","1","10.3","10.3","1.4%"
"24","Jonathan Bullard (MIN)","1","1","1","0","0","1","0","0","1","10.3","10.3","2.8%"
"25","Neville Gallimore (MIA)","2","1","1","0","0","0","0","0","1","10.3","10.3","0.4%"
"26","Jonathan Allen (WAS)","4","0","1","0","0","0","0","0","1","10.0","10.0","14.6%"
"27","Danielle Hunter (HOU)","2","0","1","0","0","0","0","0","1","9.5","9.5","52.1%"
"28","Tyquan Lewis (IND)","2","0","1","0","0","0","0","0","1","9.5","9.5","0.3%"
"29","Justin Madubuike (BAL)","1","2","1","0","0","0","0","0","1","9.5","9.5","24.1%"
"30","Calijah Kancey (TB)","3","0","0","0","0","0","0","0","1","9.5","9.5","6.7%"
"31","Vita Vea (TB)","2","0","1","0","0","0","0","0","1","9.5","9.5","5.2%"
"32","Leonard Williams (SEA)","2","0","1","0","0","0","0","0","1","9.5","9.5","10.3%"
"33","Yannick Ngakoue (FA)","2","0","1","0","0","0","0","0","1","9.5","9.5","1.7%"
"34","Solomon Thomas (NYJ)","1","2","1","0","0","0","0","0","1","9.5","9.5","0.8%"
"35","Dante Fowler Jr. (WAS)","2","0","1","0","0","0","0","0","1","9.5","9.5","3.3%"
"36","T.J. Slaton (GB)","4","4","0","0","0","0","0","0","1","9.0","9.0","0.9%"
"37","Davon Godchaux (NE)","4","4","0","0","0","0","0","0","1","9.0","9.0","3.5%"
"38","John Franklin-Myers (DEN)","1","1","1","0","0","0","0","0","1","8.8","8.8","0.6%"
"39","DeMarcus Lawrence (DAL)","1","1","1","0","0","0","0","0","1","8.8","8.8","11.8%"
"40","Kevin Strong (FA)","3","2","0","0","0","0","0","0","1","8.5","8.5","0.0%"
"41","Rakeem Nunez-Roches (NYG)","3","0","0","1","0","0","0","0","1","8.5","8.5","0.9%"
"42","Keeanu Benton (PIT)","3","3","0","1","0","0","0","0","1","8.3","8.3","1.5%"
"43","Rasheem Green (FA)","1","0","1","0","0","0","0","0","1","8.0","8.0","6.0%"
"44","Clelin Ferrell (WAS)","1","0","1","0","0","0","0","0","1","8.0","8.0","1.5%"
"45","Adam Butler (LV)","2","1","0","1","0","0","0","0","1","7.8","7.8","0.6%"
"46","Kwity Paye (IND)","2","1","1","0","0","0","0","0","1","7.8","7.8","14.2%"
"47","Malcolm Roach (DEN)","3","2","0","1","0","0","0","0","1","7.5","7.5","0.9%"
"48","Amare Barno (CAR)","5","0","0","0","0","0","0","0","1","7.5","7.5","0.7%"
"49","Christian Barmore (NE)","2","2","0","0","0","0","0","0","1","7.0","7.0","15.0%"
"50","D.J. Jones (DEN)","2","2","0","0","0","0","0","0","1","7.0","7.0","4.0%"
"51","Mazi Smith (DAL)","3","0","0","0","0","0","0","0","1","7.0","7.0","1.7%"
"52","DJ Reader (DET)","2","0","0","0","0","0","1","0","1","7.0","7.0","2.4%"
"53","Trey Hendrickson (CIN)","2","2","0.5","0","0","0","0","0","1","6.5","6.5","34.8%"
"54","Cameron Heyward (PIT)","2","1","0","0","0","0","0","0","1","6.3","6.3","22.6%"
"55","Lukas Van Ness (GB)","2","1","0","0","0","0","0","0","1","6.3","6.3","5.2%"
"56","Roy Lopez (ARI)","3","2","0","0","0","0","0","0","1","6.0","6.0","0.0%"
"57","John Jenkins (LV)","2","2","0","1","0","0","0","0","1","6.0","6.0","1.2%"
"58","Benito Jones (MIA)","3","2","0","0","0","0","0","0","1","6.0","6.0","0.1%"
"59","Harrison Phillips (MIN)","3","2","0","0","0","0","0","0","1","6.0","6.0","22.4%"
"60","Cam Sample (CIN)","3","2","0","0","0","0","0","0","1","6.0","6.0","0.4%"
"61","Alim McNeill (DET)","2","4","0","0","0","0","0","0","1","6.0","6.0","2.3%"
"62","Jeffery Simmons (TEN)","2","2","0","1","0","0","0","0","1","6.0","6.0","26.9%"
"63","Dexter Lawrence II (NYG)","3","2","0","0","0","0","0","0","1","6.0","6.0","12.1%"
"64","Arik Armstead (JAC)","2","1","0.5","0","0","0","0","0","1","5.8","5.8","3.0%"
"65","Khalen Saunders (NO)","2","0","0","0","0","0","0","0","1","5.5","5.5","1.2%"
"66","A'Shawn Robinson (CAR)","1","2","0","0","0","0","0","0","1","5.5","5.5","3.8%"
"67","Taven Bryan (IND)","2","0","0","0","0","0","0","0","1","5.5","5.5","0.1%"
"68","Ed Oliver (BUF)","3","1","0","0","0","0","0","0","1","5.3","5.3","21.2%"
"69","Michael Pierce (BAL)","3","1","0","0","0","0","0","0","1","5.3","5.3","1.7%"
"70","Jerry Tillery (MIN)","3","1","0","0","0","0","0","0","1","5.3","5.3","0.6%"
"71","Jonathan Ledbetter (FA)","3","1","0","0","0","0","0","0","1","5.3","5.3","1.0%"
"72","Kyle Peko (DET)","3","1","0","0","0","0","0","0","1","5.3","5.3","0.1%"
"73","Daron Payne (WAS)","2","3","0","0","0","0","0","0","1","5.3","5.3","15.0%"
"74","Jermaine Johnson II (NYJ)","0","2","0.5","1","0","0","0","0","1","5.0","5.0","8.7%"
"75","Deatrich Wise Jr. (NE)","1","2","0","1","0","0","0","0","1","4.5","4.5","2.7%"
"76","Maliek Collins (SF)","2","2","0","0","0","0","0","0","1","4.5","4.5","2.0%"
"77","Kenny Clark (GB)","3","0","0","0","0","0","0","0","1","4.5","4.5","8.2%"
"78","Dre'Mont Jones (SEA)","1","1","0.5","0","0","0","0","0","1","4.3","4.3","4.7%"
"79","Osa Odighizuwa (DAL)","1","0","0","0","0","0","0","0","1","4.0","4.0","5.4%"
"80","Bryan Bresee (NO)","1","0","0","0","0","0","0","0","1","4.0","4.0","3.1%"
"81","Joey Bosa (LAC)","1","0","0","0","0","0","0","0","1","4.0","4.0","15.8%"
"82","Nick Williams (FA)","2","1","0","0","0","0","0","0","1","3.8","3.8","3.0%"
"83","Carl Granderson (NO)","1","3","0","0","0","0","0","0","1","3.8","3.8","27.1%"
"84","Nathan Shepherd (NO)","2","1","0","0","0","0","0","0","1","3.8","3.8","1.7%"
"85","B.J. Hill (CIN)","2","1","0","0","0","0","0","0","1","3.8","3.8","4.9%"
"86","Aidan Hutchinson (DET)","2","1","0","0","0","0","0","0","1","3.8","3.8","54.7%"
"87","Otito Ogbonnia (LAC)","2","1","0","0","0","0","0","0","1","3.8","3.8","0.8%"
"88","Josh Hines-Allen (JAC)","2","1","0","0","0","0","0","0","1","3.8","3.8","44.0%"
"89","Javon Kinlaw (NYJ)","1","0","0","1","0","0","0","0","1","3.0","3.0","1.5%"
"90","Anthony Nelson (TB)","1","2","0","0","0","0","0","0","1","3.0","3.0","0.3%"
"91","Adam Gotsis (JAC)","1","2","0","0","0","0","0","0","1","3.0","3.0","1.2%"
"92","Zach Allen (DEN)","1","0","0","1","0","0","0","0","1","3.0","3.0","10.7%"
"93","Isaiahh Loudermilk (PIT)","2","0","0","0","0","0","0","0","1","3.0","3.0","0.3%"
"94","Kentavius Street (ATL)","1","0","0","1","0","0","0","0","1","3.0","3.0","0.0%"
"95","D.J. Davidson (FA)","2","0","0","0","0","0","0","0","1","3.0","3.0","0.3%"
"96","Bilal Nichols (ARI)","1","2","0","0","0","0","0","0","1","3.0","3.0","1.2%"
"97","Sebastian Joseph-Day (TEN)","1","2","0","0","0","0","0","0","1","3.0","3.0","1.9%"
"98","Eric Johnson II (IND)","2","0","0","0","0","0","0","0","1","3.0","3.0","0.0%"
"99","Cameron Jordan (NO)","2","0","0","0","0","0","0","0","1","3.0","3.0","5.7%"
"100","Boogie Basham Jr. (NYG)","1","2","0","0","0","0","0","0","1","3.0","3.0","0.0%"
"101","Dawuane Smoot (BUF)","2","0","0","0","0","0","0","0","1","3.0","3.0","0.3%"
"102","Tanoh Kpassagnon (NO)","1","0","0","1","0","0","0","0","1","3.0","3.0","0.0%"
"103","Chase Young (NO)","0","1","0.5","0","0","0","0","0","1","2.8","2.8","10.1%"
"104","Timmy Horne (NYG)","0","1","0","1","0","0","0","0","1","2.3","2.3","1.0%"
"105","Romeo Okwara (FA)","1","1","0","0","0","0","0","0","1","2.3","2.3","0.0%"
"106","Tyler Lacy (JAC)","0","3","0","0","0","0","0","0","1","2.3","2.3","0.1%"
"107","Dante Stills (ARI)","0","3","0","0","0","0","0","0","1","2.3","2.3","0.4%"
"108","Nick Thurman (CAR)","1","1","0","0","0","0","0","0","1","2.3","2.3","0.6%"
"109","Derick Hall (SEA)","1","1","0","0","0","0","0","0","1","2.3","2.3","0.6%"
"110","Charles Harris (FA)","1","1","0","0","0","0","0","0","1","2.3","2.3","2.1%"
"111","Pat Jones II (MIN)","1","1","0","0","0","0","0","0","1","2.3","2.3","0.3%"
"112","Travis Jones (BAL)","0","3","0","0","0","0","0","0","1","2.3","2.3","1.4%"
"113","Folorunso Fatukasi (HOU)","0","1","0","1","0","0","0","0","1","2.3","2.3","0.5%"
"114","Brent Urban (BAL)","1","1","0","0","0","0","0","0","1","2.3","2.3","0.3%"
"115","Andrew Billings (CHI)","1","1","0","0","0","0","0","0","1","2.3","2.3","1.5%"
"116","Andre Jones Jr. (WAS)","0","1","0","1","0","0","0","0","1","2.3","2.3","0.1%"
"117","Johnathan Hankins (SEA)","1","1","0","0","0","0","0","0","1","2.3","2.3","0.0%"
"118","Maxx Crosby (LV)","0","3","0","0","0","0","0","0","1","2.3","2.3","69.3%"
"119","Julian Okwara (PHI)","1","1","0","0","0","0","0","0","1","2.3","2.3","0.0%"
"120","Lawrence Guy Sr. (FA)","0","1","0","1","0","0","0","0","1","2.3","2.3","4.0%"
"121","Tanzel Smart (NYJ)","1","0","0","0","0","0","0","0","1","1.5","1.5","0.0%"
"122","Jordan Elliott (SF)","1","0","0","0","0","0","0","0","1","1.5","1.5","0.3%"
"123","Ta'Quon Graham (ATL)","1","0","0","0","0","0","0","0","1","1.5","1.5","0.3%"
"124","DeMarcus Walker (CHI)","0","2","0","0","0","0","0","0","1","1.5","1.5","1.5%"
"125","Jihad Ward (MIN)","1","0","0","0","0","0","0","0","1","1.5","1.5","0.1%"
"126","Markees Watts (TB)","1","0","0","0","0","0","0","0","1","1.5","1.5","0.1%"
"127","Darrell Taylor (SEA)","1","0","0","0","0","0","0","0","1","1.5","1.5","1.0%"
"128","Jordan Phillips (NYG)","1","0","0","0","0","0","0","0","1","1.5","1.5","0.8%"
"129","Kurt Hinish (HOU)","0","2","0","0","0","0","0","0","1","1.5","1.5","1.0%"
"130","Zacch Pickens (CHI)","1","0","0","0","0","0","0","0","1","1.5","1.5","1.4%"
"131","Dylan Horton (HOU)","1","0","0","0","0","0","0","0","1","1.5","1.5","0.4%"
"132","TK McLendon Jr. (TEN)","0","2","0","0","0","0","0","0","1","1.5","1.5","0.1%"
"133","Ronnie Perkins (DEN)","1","0","0","0","0","0","0","0","1","1.5","1.5","0.1%"
"134","Keion White (NE)","1","0","0","0","0","0","0","0","1","1.5","1.5","1.6%"
"135","Adetomiwa Adebawore (IND)","1","0","0","0","0","0","0","0","1","1.5","1.5","0.1%"
"136","Gervon Dexter Sr. (CHI)","1","0","0","0","0","0","0","0","1","1.5","1.5","1.5%"
"137","Shelby Harris (CLE)","0","2","0","0","0","0","0","0","1","1.5","1.5","0.9%"
"138","Morgan Fox (LAC)","1","0","0","0","0","0","0","0","1","1.5","1.5","2.1%"
"139","Nik Bonitto (DEN)","0","2","0","0","0","0","0","0","1","1.5","1.5","1.9%"
"140","Devonte Wyatt (GB)","0","2","0","0","0","0","0","0","1","1.5","1.5","1.7%"
"141","Linval Joseph (FA)","0","2","0","0","0","0","0","0","1","1.5","1.5","0.0%"
"142","Travon Walker (JAC)","0","0","0","1","0","0","0","0","1","1.5","1.5","11.2%"
"143","Jonathon Cooper (DEN)","1","0","0","0","0","0","0","0","1","1.5","1.5","15.3%"
"144","Maurice Hurst II Jr. (CLE)","1","0","0","0","0","0","0","0","1","1.5","1.5","0.1%"
"145","Jaleel Johnson (FA)","0","2","0","0","0","0","0","0","1","1.5","1.5","0.0%"
"146","Austin Johnson (BUF)","0","2","0","0","0","0","0","0","1","1.5","1.5","2.4%"
"147","K'Lavon Chaisson (CAR)","1","0","0","0","0","0","0","0","1","1.5","1.5","0.9%"
"148","Greg Gaines (TB)","1","0","0","0","0","0","0","0","1","1.5","1.5","0.5%"
"149","Albert Huggins (FA)","1","0","0","0","0","0","0","0","1","1.5","1.5","0.0%"
"150","Jarran Reed (SEA)","1","0","0","0","0","0","0","0","1","1.5","1.5","5.2%"
"151","Jeremiah Ledbetter (JAC)","0","2","0","0","0","0","0","0","1","1.5","1.5","0.1%"
"152","John Cominsky (DET)","1","0","0","0","0","0","0","0","1","1.5","1.5","1.0%"
"153","James Smith-Williams (ATL)","1","0","0","0","0","0","0","0","1","1.5","1.5","0.1%"
"154","Myles Murphy (CIN)","0","1","0","0","0","0","0","0","1","0.8","0.8","4.4%"
"155","Broderick Washington Jr. (BAL)","0","1","0","0","0","0","0","0","1","0.8","0.8","0.1%"
"156","Chauncey Golston (DAL)","0","1","0","0","0","0","0","0","1","0.8","0.8","0.6%"
"157","Victor Dimukeje (ARI)","0","1","0","0","0","0","0","0","1","0.8","0.8","0.5%"
"158","Larry Ogunjobi (PIT)","0","1","0","0","0","0","0","0","1","0.8","0.8","2.1%"
"159","John Ridgeway III (WAS)","0","1","0","0","0","0","0","0","1","0.8","0.8","0.4%"
"160","Carl Lawson (FA)","0","1","0","0","0","0","0","0","1","0.8","0.8","0.0%"
"161","Will Anderson Jr. (HOU)","0","1","0","0","0","0","0","0","1","0.8","0.8","19.3%"
"162","DeShawn Williams (BUF)","0","1","0","0","0","0","0","0","1","0.8","0.8","0.4%"
"163","DaVon Hamilton (JAC)","0","1","0","0","0","0","0","0","1","0.8","0.8","0.4%"
"164","Tuli Tuipulotu (LAC)","0","1","0","0","0","0","0","0","1","0.8","0.8","3.9%"
"165","Leki Fotu (NYJ)","0","1","0","0","0","0","0","0","1","0.8","0.8","0.3%"
"166","Zach Carter (FA)","0","1","0","0","0","0","0","0","1","0.8","0.8","0.4%"
"167","Roy Robertson-Harris (JAC)","0","1","0","0","0","0","0","0","1","0.8","0.8","1.2%"
"168","Mike Greene (TB)","0","1","0","0","0","0","0","0","1","0.8","0.8","0.0%"
"169","Quinton Jefferson (CLE)","0","1","0","0","0","0","0","0","1","0.8","0.8","3.2%"
"170","Tim Settle Jr. (HOU)","0","1","0","0","0","0","0","0","1","0.8","0.8","0.4%"
"171","Kyle Phillips (FA)","0","1","0","0","0","0","0","0","1","0.8","0.8","0.0%"
"172","Zach Harrison (ATL)","0","1","0","0","0","0","0","0","1","0.8","0.8","1.0%"
"173","Micheal Clemons (NYJ)","0","1","0","0","0","0","0","0","1","0.8","0.8","0.7%"
"174","Jay Tufele (CIN)","0","1","0","0","0","0","0","0","1","0.8","0.8","0.0%"
"175","Alex Wright (CLE)","0","1","0","0","0","0","0","0","1","0.8","0.8","0.5%"
"176","Phidarian Mathis (WAS)","0","1","0","0","0","0","0","0","1","0.8","0.8","0.1%"
"177","Dalvin Tomlinson (CLE)","0","1","0","0","0","0","0","0","1","0.8","0.8","1.9%"
"178","Frank Clark (FA)","0","1","0","0","0","0","0","0","1","0.8","0.8","0.0%"
"179","Cameron Thomas (FA)","0","1","0","0","0","0","0","0","1","0.8","0.8","0.1%"
"180","LaBryan Ray (CAR)","0","1","0","0","0","0","0","0","1","0.8","0.8","0.3%"
"181","Khalil Davis (HOU)","0","1","0","0","0","0","0","0","1","0.8","0.8","1.2%"
"182","Shaq Lawson (FA)","0","1","0","0","0","0","0","0","1","0.8","0.8","0.0%"
"183","Willington Previlon (PIT)","0","0","0","0","0","0","0","0","0","0","0","0.0%"
"184","Niko Lalos (NO)","0","0","0","0","0","0","0","0","0","0","0","0.0%"
"185","LaCale London (ATL)","0","0","0","0","0","0","0","0","0","0","0","0.1%"
"186","Chris Williams (CLE)","0","0","0","0","0","0","0","0","0","0","0","0.0%"
"187","Micah Parsons (DAL)","0","0","0","0","0","0","0","0","1","0.0","0.0","77.5%"
"188","Domenique Davis (CIN)","0","0","0","0","0","0","0","0","0","0","0","0.0%"
"189","Bill Murray (CHI)","0","0","0","0","0","0","0","0","0","0","0","0.0%"
"190","Kameron Cline (BUF)","0","0","0","0","0","0","0","0","0","0","0","0.0%"
"191","Michael Hoecht (LAR)","0","0","0","0","0","0","0","0","0","0","0","13.0%"
"192","Eric Banks (TB)","0","0","0","0","0","0","0","0","0","0","0","0.0%"
"193","Jonah Williams (MIN)","0","0","0","0","0","0","0","0","0","0","0","0.3%"
"194","T.J. Smith (CAR)","0","0","0","0","0","0","0","0","0","0","0","0.0%"
"195","Myles Adams (SEA)","0","0","0","0","0","0","0","0","0","0","0","0.0%"
"196","Benning Potoa'e (WAS)","0","0","0","0","0","0","0","0","0","0","0","0.0%"
"197","Malik Harrison (BAL)","0","0","0","0","0","0","0","0","1","0.0","0.0","4.2%"
"198","Yetur Gross-Matos (SF)","0","0","0","0","0","0","0","0","0","0","0","1.2%"
"199","Terrell Lewis (PHI)","0","0","0","0","0","0","0","0","0","0","0","3.0%"
"200","Joshua Uche (NE)","0","0","0","0","0","0","0","0","1","0.0","0.0","0.8%"
"201","Anfernee Jennings (NE)","4","3","0","0","0","0","0","0","1","0.0","0.0","3.8%"
"202","James Lynch (MIN)","0","0","0","0","0","0","0","0","0","0","0","0.7%"
"203","Marlon Davidson (TEN)","0","0","0","0","0","0","0","0","0","0","0","0.0%"
"204","Khalid Kareem (CHI)","0","0","0","0","0","0","0","0","0","0","0","0.0%"
"205","Trevis Gipson (JAC)","0","0","0","0","0","0","0","0","1","0.0","0.0","1.0%"
"206","Larrell Murchison (LAR)","0","0","0","0","0","0","0","0","0","0","0","0.4%"
"207","Bradlee Anae (ATL)","0","0","0","0","0","0","0","0","0","0","0","0.0%"
"208","Alex Highsmith (PIT)","1","2","0","1","0","0","0","0","1","0.0","0.0","24.4%"
"209","McTelvin Agim (HOU)","0","0","0","0","0","0","0","0","0","0","0","0.0%"
"210","Mike Danna (KC)","0","0","0","0","0","0","0","0","0","0","0","4.8%"
"211","Carlo Kemp (GB)","0","0","0","0","0","0","0","0","0","0","0","0.0%"
"212","Cam Gill (CAR)","0","0","0","0","0","0","0","0","1","0.0","0.0","0.0%"
"213","Tershawn Wharton (KC)","0","0","0","0","0","0","0","0","0","0","0","0.3%"
"214","Tomon Fox (NYG)","0","0","0","0","0","0","0","0","0","0","0","0.0%"
"215","William Bradley-King (NE)","0","0","0","0","0","0","0","0","0","0","0","0.0%"
"216","Casey Toohill (BUF)","1","1","0","1","0","0","0","0","1","0.0","0.0","0.5%"
"217","Breiden Fehoko (PIT)","0","0","0","0","0","0","0","0","0","0","0","0.0%"
"218","Janarius Robinson (LV)","0","0","0","0","0","0","0","0","0","0","0","0.1%"
"219","Bryce Huff (PHI)","0","0","0","0","0","0","0","0","1","0.0","0.0","3.9%"
"220","Brodric Martin (DET)","0","0","0","0","0","0","0","0","0","0","0","0.1%"
"221","Keondre Coburn (TEN)","0","0","0","0","0","0","0","0","0","0","0","0.1%"
"222","Moro Ojomo (PHI)","0","0","0","0","0","0","0","0","0","0","0","0.0%"
"223","Byron Young (LAR)","0","0","0","0","0","0","0","0","0","0","0","32.6%"
"224","Nick Herbig (PIT)","0","0","0","0","0","0","0","0","1","0.0","0.0","2.8%"
"225","Tavius Robinson (BAL)","0","0","0","0","0","0","0","0","1","0.0","0.0","0.3%"
"226","Travis Bell (CIN)","0","0","0","0","0","0","0","0","0","0","0","0.0%"
"227","Viliami Fehoko Jr. (DAL)","0","0","0","0","0","0","0","0","0","0","0","0.1%"
"228","Titus Leo (IND)","0","0","0","0","0","0","0","0","0","0","0","0.0%"
"229","BJ Thompson (KC)","0","0","0","0","0","0","0","0","0","0","0","0.0%"
"230","Jordon Riley (NYG)","0","0","0","0","0","0","0","0","0","0","0","0.0%"
"231","Nesta Jade Silvera (LV)","0","0","0","0","0","0","0","0","0","0","0","0.0%"
"232","Andrew Farmer II (LAC)","0","0","0","0","0","0","0","0","0","0","0","0.1%"
"233","Isaiah McGuire (CLE)","0","0","0","0","0","0","0","0","0","0","0","0.0%"
"234","Kobie Turner (LAR)","0","0","0","0","0","0","0","0","0","0","0","8.5%"
"235","Jeremiah Pharms Jr. (NE)","0","0","0","0","0","0","0","0","1","0.0","0.0","0.1%"
"236","Jalen McKenzie (LV)","0","0","0","0","0","0","0","0","0","0","0","0.0%"
"237","Will McDonald IV (NYJ)","0","0","0","0","0","0","0","0","0","0","0","4.0%"
"238","Jared Verse (LAR)","0","0","0","0","0","0","0","0","0","0","0","15.4%"
"239","Tyree Wilson (LV)","0","0","0","0","0","0","0","0","1","0.0","0.0","6.8%"
"240","Bralen Trice (ATL)","0","0","0","0","0","0","0","0","0","0","0","1.5%"
"241","Felix Anudike-Uzomah (KC)","0","0","0","0","0","0","0","0","0","0","0","1.4%"
"242","Karl Brooks (GB)","0","0","0","0","0","0","0","0","1","0.0","0.0","0.5%"
"243","Scott Matlock (LAC)","0","0","0","0","0","0","0","0","0","0","0","0.4%"
"244","Truman Jones (KC)","0","0","0","0","0","0","0","0","0","0","0","0.0%"
"245","Jalen Redmond (MIN)","0","0","0","0","0","0","0","0","0","0","0","0.0%"
"246","Eku Leota (CAR)","2","0","0","0","0","0","0","0","1","0.0","0.0","0.0%"
"247","Cory Durden (LAR)","0","0","0","0","0","0","0","0","0","0","0","0.1%"
"248","Chris Smith (DET)","0","0","0","0","0","0","0","0","0","0","0","0.0%"
"249","Jalen Harris (WAS)","0","0","0","0","0","0","0","0","0","0","0","0.0%"
"250","Brandon Pili (MIA)","0","0","0","0","0","0","0","0","0","0","0","0.0%"
"251","CJ Okoye (LAC)","0","0","0","0","0","0","0","0","0","0","0","0.0%"
"252","Jacob Slade (PIT)","0","0","0","0","0","0","0","0","0","0","0","0.0%"
"253","Cameron Young (SEA)","0","0","0","0","0","0","0","0","0","0","0","0.0%"
"254","Desjuan Johnson (LAR)","0","0","0","0","0","0","0","0","0","0","0","0.3%"
"255","Jose Ramirez (TB)","0","0","0","0","0","0","0","0","0","0","0","0.1%"
"256","Shakel Brown (SF)","0","0","0","0","0","0","0","0","0","0","0","0.0%"
"257","Caleb Murphy (TEN)","0","0","0","0","0","0","0","0","0","0","0","2.0%"
"258","Spencer Waege (GB)","0","0","0","0","0","0","0","0","0","0","0","0.0%"
"259","Junior Aho (CAR)","0","0","0","0","0","0","0","0","0","0","0","0.0%"
"260","Keshawn Banks (GB)","0","0","0","0","0","0","0","0","0","0","0","0.1%"
"261","Kadeem Telfort (GB)","0","0","0","0","0","0","0","0","0","0","0","0.0%"
"262","Devonnsha Maxwell (CIN)","0","0","0","0","0","0","0","0","0","0","0","0.0%"
"263","Kenneth Odumegwu (GB)","0","0","0","0","0","0","0","0","0","0","0","0.0%"
"264","David Agoha (LV)","0","0","0","0","0","0","0","0","0","0","0","0.0%"
"265","Troy Hairston II (HOU)","0","0","0","0","0","0","0","0","0","0","0","0.0%"
"266","Owen Carney Jr. (KC)","0","0","0","0","0","0","0","0","0","0","0","0.0%"
"267","Dylan Cook (PIT)","0","0","0","0","0","0","0","0","0","0","0","0.0%"
"268","Prince Emili (ATL)","0","0","0","0","0","0","0","0","0","0","0","0.0%"
"269","C.J. Brewer (TB)","0","0","0","0","0","0","0","0","0","0","0","0.0%"
"270","Siaki Ika (CLE)","0","0","0","0","0","0","0","0","0","0","0","0.0%"
"271","Colby Wooden (GB)","0","0","0","0","0","0","0","0","1","0.0","0.0","0.3%"
"272","Joshua Onujiogu (SEA)","0","0","0","0","0","0","0","0","0","0","0","0.0%"
"273","Matt Gotel (SEA)","0","0","0","0","0","0","0","0","0","0","0","0.0%"
"274","Vi Jones (TB)","0","0","0","0","0","0","0","0","0","0","0","0.0%"
"275","Elijah Garcia (DEN)","0","0","0","0","0","0","0","0","0","0","0","0.0%"
"276","Benton Whitley (NYG)","0","0","0","0","0","0","0","0","0","0","0","0.0%"
"277","Keir Thomas (LAR)","0","0","0","0","0","0","0","0","0","0","0","0.0%"
"278","Sebastian Gutierrez (SF)","0","0","0","0","0","0","0","0","0","0","0","0.0%"
"279","Kingsley Jonathan (BUF)","0","0","0","0","0","0","0","0","1","0.0","0.0","0.1%"
"280","Thomas Incoom (DEN)","0","0","0","0","0","0","0","0","0","0","0","0.3%"
"281","Andre Carter (JAC)","0","0","0","0","0","0","0","0","0","0","0","0.1%"
"282","Casey Rogers (NYG)","0","0","0","0","0","0","0","0","0","0","0","0.0%"
"283","Devere Levelston (SEA)","0","0","0","0","0","0","0","0","0","0","0","0.0%"
"284","Jamree Kromah (CHI)","0","0","0","0","0","0","0","0","0","0","0","0.0%"
"285","Sunny Anderson (SEA)","0","0","0","0","0","0","0","0","0","0","0","0.0%"
"286","Carl Jones Jr. (CHI)","0","0","0","0","0","0","0","0","0","0","0","0.0%"
"287","Gottlieb Ayedze (PHI)","0","0","0","0","0","0","0","0","0","0","0","0.0%"
"288","Anim Dankwah (PHI)","0","0","0","0","0","0","0","0","0","0","0","0.0%"
"289","Brandon Matterson (DEN)","0","0","0","0","0","0","0","0","0","0","0","0.0%"
"290","Ovie Oghoufo (NYG)","0","0","0","0","0","0","0","0","0","0","0","0.0%"
"291","Jaylon Allen (DEN)","0","0","0","0","0","0","0","0","0","0","0","0.0%"
"292","John Morgan III (NE)","0","0","0","0","0","0","0","0","0","0","0","0.0%"
"293","Isaac Ukwu (DET)","0","0","0","0","0","0","0","0","0","0","0","0.0%"
"294","Nate Lynn (DET)","0","0","0","0","0","0","0","0","0","0","0","0.0%"
"295","Anthony Goodlow (LAR)","0","0","0","0","0","0","0","0","0","0","0","0.0%"
"296","James Ester (GB)","0","0","0","0","0","0","0","0","0","0","0","0.0%"
"297","Judge Culpepper (TB)","0","0","0","0","0","0","0","0","0","0","0","0.0%"
"298","Branson Deen (BUF)","0","0","0","0","0","0","0","0","0","0","0","0.0%"
"299","Rodney Mathews (GB)","0","0","0","0","0","0","0","0","0","0","0","0.0%"
"300","Taki Taimani (MIN)","0","0","0","0","0","0","0","0","0","0","0","0.0%"
"301","Micheal Mason (LAC)","0","0","0","0","0","0","0","0","0","0","0","0.0%"
"302","Tre'Mon Morris-Brash (LAC)","0","0","0","0","0","0","0","0","0","0","0","0.0%"
"303","Kyler Baugh (NO)","0","0","0","0","0","0","0","0","0","0","0","0.0%"
"304","Evan Anderson (SF)","0","0","0","0","0","0","0","0","0","0","0","0.0%"
"305","Owen Porter (MIN)","0","0","0","0","0","0","0","0","0","0","0","0.0%"
"306","Tyler Manoa (MIN)","0","0","0","0","0","0","0","0","0","0","0","0.0%"
"307","Bo Richter (MIN)","0","0","0","0","0","0","0","0","0","0","0","0.0%"
"308","Norell Pollard (WAS)","0","0","0","0","0","0","0","0","0","0","0","0.0%"
"309","Myles Murphy (ARI)","0","0","0","0","0","0","0","0","0","0","0","0.0%"
"310","Brian Dooley (TEN)","0","0","0","0","0","0","0","0","0","0","0","0.0%"
"311","Tremel Walthor (BAL)","0","0","0","0","0","0","0","0","0","0","0","0.0%"
"312","Isaiah Iton (TEN)","0","0","0","0","0","0","0","0","0","0","0","0.0%"
"313","Joe Evans (BAL)","0","0","0","0","0","0","0","0","0","0","0","0.0%"
"314","Daniel Grzesiak (TB)","0","0","0","0","0","0","0","0","0","0","0","0.0%"
"315","Tuli Letuligasenoa (LAR)","0","0","0","0","0","0","0","0","0","0","0","0.0%"
"316","Savion Jackson (LAC)","0","0","0","0","0","0","0","0","0","0","0","0.0%"
"317","Trajan Jeffcoat (NO)","0","0","0","0","0","0","0","0","0","0","0","0.0%"
"318","Rondell Bothroyd (BUF)","0","0","0","0","0","0","0","0","0","0","0","0.0%"
"319","David Ugwoegbu (BUF)","0","0","0","0","0","0","0","0","0","0","0","0.0%"
"320","Leonard Payne Jr. (MIA)","0","0","0","0","0","0","0","0","0","0","0","0.0%"
"321","Elijah Chatman (NYG)","0","0","0","0","0","0","0","0","0","0","0","0.0%"
"322","Shaun Peterson Jr. (TB)","0","0","0","0","0","0","0","0","0","0","0","0.0%"
"323","Dashaun Mallory (CHI)","0","0","0","0","0","0","0","0","0","0","0","0.0%"
"324","Nathan Pickering (SEA)","0","0","0","0","0","0","0","0","0","0","0","0.0%"
"325","Gable Steveson (BUF)","0","0","0","0","0","0","0","0","0","0","0","0.0%"
"326","Alex Gubner (KC)","0","0","0","0","0","0","0","0","0","0","0","0.0%"
"327","Dondrea Tillman (DEN)","0","0","0","0","0","0","0","0","0","0","0","0.0%"
"328","Ulumoo Ale (CAR)","0","0","0","0","0","0","0","0","0","0","0","0.0%"
"329","Fabien Lovett Sr. (KC)","0","0","0","0","0","0","0","0","0","0","0","0.0%"
"330","Justin Blazek (CIN)","0","0","0","0","0","0","0","0","0","0","0","0.0%"
"331","Mario Kendricks (MIA)","0","0","0","0","0","0","0","0","0","0","0","0.0%"
"332","Denzel Daxon (DAL)","0","0","0","0","0","0","0","0","0","0","0","0.0%"
"333","David Olajiga (LAR)","0","0","0","0","0","0","0","0","0","0","0","0.0%"
"334","Laekin Vakalahi (PHI)","0","0","0","0","0","0","0","0","0","0","0","0.0%"
"335","Buddha Jones (SEA)","0","0","0","0","0","0","0","0","0","0","0","0.0%"
"336","C.J. Ravenell (BAL)","0","0","0","0","0","0","0","0","0","0","0","0.0%"
"337","Ron Stone Jr. (LV)","0","0","0","0","0","0","0","0","0","0","0","0.0%"
"338","Tomari Fox (LV)","0","0","0","0","0","0","0","0","0","0","0","0.0%"
"339","Demontrey Jacobs (DEN)","0","0","0","0","0","0","0","0","0","0","0","0.0%"
"340","Leonard Taylor III (NYJ)","0","0","0","0","0","0","0","0","0","0","0","0.0%"
"341","Michael Hall Jr. (CLE)","0","0","0","0","0","0","0","0","0","0","0","0.6%"
"342","McKinnley Jackson (CIN)","0","0","0","0","0","0","0","0","0","0","0","0.3%"
"343","Maason Smith (JAC)","0","0","0","0","0","0","0","0","0","0","0","0.3%"
"344","Mekhi Wingo (DET)","0","0","0","0","0","0","0","0","0","0","0","0.0%"
"345","Javon Solomon (BUF)","0","0","0","0","0","0","0","0","0","0","0","0.0%"
"346","Dallas Turner (MIN)","0","0","0","0","0","0","0","0","0","0","0","15.4%"
"347","Darius Robinson (ARI)","0","0","0","0","0","0","0","0","0","0","0","4.4%"
"348","Keith Randolph Jr. (CHI)","0","0","0","0","0","0","0","0","0","0","0","0.0%"
"349","Brandon Dorlus (ATL)","0","0","0","0","0","0","0","0","0","0","0","0.0%"
"350","Chris Braswell (TB)","0","0","0","0","0","0","0","0","0","0","0","2.0%"
"351","Braden Fiske (LAR)","0","0","0","0","0","0","0","0","0","0","0","3.1%"
"352","T'Vondre Sweat (TEN)","0","0","0","0","0","0","0","0","0","0","0","2.6%"
"353","Chop Robinson (MIA)","0","0","0","0","0","0","0","0","0","0","0","11.0%"
"354","Laiatu Latu (IND)","0","0","0","0","0","0","0","0","0","0","0","16.5%"
"355","Kris Jenkins Jr. (CIN)","0","0","0","0","0","0","0","0","0","0","0","1.5%"
"356","Alex Palczewski (DEN)","0","0","0","0","0","0","0","0","0","0","0","0.0%"
"357","Kilian Zierer (HOU)","0","0","0","0","0","0","0","0","0","0","0","0.0%"
"358","Durrell Johnson (DAL)","0","0","0","0","0","0","0","0","0","0","0","0.0%"
"359","Tyrus Wheat (DAL)","0","0","0","0","0","0","0","0","1","0.0","0.0","0.0%"
"360","Isaiah Land (IND)","0","0","0","0","0","0","0","0","1","0.0","0.0","0.0%"
"361","Jer'Zhan Newton (WAS)","0","0","0","0","0","0","0","0","0","0","0","2.7%"
"362","Byron Murphy II (SEA)","0","0","0","0","0","0","0","0","0","0","0","8.8%"
"363","Julius Welschof (PIT)","0","0","0","0","0","0","0","0","0","0","0","0.0%"
"364","Logan Lee (PIT)","0","0","0","0","0","0","0","0","0","0","0","0.0%"
"365","Gabe Hall (PHI)","0","0","0","0","0","0","0","0","0","0","0","0.0%"
"366","Jordan Jefferson (JAC)","0","0","0","0","0","0","0","0","0","0","0","0.0%"
"367","Marcus Harris (HOU)","0","0","0","0","0","0","0","0","0","0","0","0.0%"
"368","Justin Rogers (DAL)","0","0","0","0","0","0","0","0","0","0","0","0.0%"
"369","Mike Hall Jr. (CLE)","0","0","0","0","0","0","0","0","0","0","0","0.0%"
"370","Zion Logue (ATL)","0","0","0","0","0","0","0","0","0","0","0","0.0%"
"371","Khristian Boyd (NO)","0","0","0","0","0","0","0","0","0","0","0","0.0%"
"372","Jowon Briggs (CLE)","0","0","0","0","0","0","0","0","0","0","0","0.0%"
"373","Jonah Laulu (IND)","0","0","0","0","0","0","0","0","0","0","0","0.0%"
"374","Javontae Jean-Baptiste (WAS)","0","0","0","0","0","0","0","0","0","0","0","0.0%"
"375","Jaylen Harrell (TEN)","0","0","0","0","0","0","0","0","0","0","0","0.3%"
"376","Solomon Byrd (HOU)","0","0","0","0","0","0","0","0","0","0","0","0.0%"
"377","Levi Drake Rodriguez (MIN)","0","0","0","0","0","0","0","0","0","0","0","0.0%"
"378","Noah Shannon (LV)","0","0","0","0","0","0","0","0","0","0","0","0.0%"
"379","TJ Franklin (LV)","0","0","0","0","0","0","0","0","0","0","0","0.0%"
"380","Lwal Uguak (TB)","0","0","0","0","0","0","0","0","0","0","0","0.0%"
"381","Ruke Orhorhoro (ATL)","0","0","0","0","0","0","0","0","0","0","0","1.2%"
"382","DeWayne Carter (BUF)","0","0","0","0","0","0","0","0","0","0","0","0.1%"
"383","Robert Beal Jr. (SF)","0","0","0","0","0","0","0","0","0","0","0","0.3%"
"384","Jaquelin Roy (MIN)","0","0","0","0","0","0","0","0","1","0.0","0.0","0.0%"
"385","Chris Rumph II (LAC)","0","0","0","0","0","0","0","0","0","0","0","0.1%"
"386","Quinton Bohanna (TEN)","0","0","0","0","0","0","0","0","0","0","0","0.0%"
"387","Phil Hoskins (ARI)","0","0","0","0","0","0","0","0","0","0","0","0.0%"
"388","Earnest Brown (TB)","0","0","0","0","0","0","0","0","0","0","0","0.0%"
"389","Sam Kamara (CLE)","0","0","0","0","0","0","0","0","0","0","0","2.0%"
"390","Jack Heflin (NO)","0","0","0","0","0","0","0","0","0","0","0","0.3%"
"391","Milton Williams (PHI)","0","0","0","0","0","0","0","0","0","0","0","1.8%"
"392","Michael Dwumfour (CHI)","0","0","0","0","0","0","0","0","0","0","0","1.0%"
"393","Elerson Smith (LV)","0","0","0","0","0","0","0","0","0","0","0","0.0%"
"394","Brenton Cox Jr. (GB)","0","0","0","0","0","0","0","0","0","0","0","0.0%"
"395","Charles Snowden (LV)","0","0","0","0","0","0","0","0","0","0","0","0.0%"
"396","Jordan Davis (PHI)","0","0","0","0","0","0","0","0","0","0","0","4.6%"
"397","Khyiris Tonga (ARI)","0","0","0","0","0","0","0","0","1","0.0","0.0","0.0%"
"398","Bobby Brown III (LAR)","0","0","0","0","0","0","0","0","0","0","0","0.8%"
"399","Rashad Weaver (TEN)","0","0","0","0","0","0","0","0","0","0","0","0.4%"
"400","Patrick Johnson (PHI)","0","0","0","0","0","0","0","0","0","0","0","0.0%"
"401","Marlon Tuipulotu (PHI)","0","0","0","0","0","0","0","0","0","0","0","0.1%"
"402","Jeremiah Moon (PIT)","0","0","0","0","0","0","0","0","0","0","0","0.0%"
"403","Tommy Togiai (ATL)","0","0","0","0","0","0","0","0","0","0","0","0.0%"
"404","Payton Turner (NO)","0","0","0","0","0","0","0","0","0","0","0","0.3%"
"405","Tarron Jackson (PHI)","0","0","0","0","0","0","0","0","0","0","0","0.0%"
"406","Jonathan Marshall (PIT)","0","0","0","0","0","0","0","0","0","0","0","0.0%"
"407","Naquan Jones (ARI)","0","0","0","0","0","0","0","0","0","0","0","0.0%"
"408","Josiah Bronson Jr. (NE)","0","0","0","0","0","0","0","0","0","0","0","0.0%"
"409","Jaelan Phillips (MIA)","0","0","0","0","0","0","0","0","0","0","0","9.3%"
"410","George Karlaftis III (KC)","0","0","0","0","0","0","0","0","0","0","0","12.6%"
"411","DeMarvin Leal (PIT)","0","0","0","0","0","0","0","0","1","0.0","0.0","0.1%"
"412","Kingsley Enagbare (GB)","0","0","0","0","0","0","0","0","1","0.0","0.0","0.4%"
"413","Christian Elliss (NE)","0","0","0","0","0","0","0","0","0","0","0","0.9%"
"414","Kayvon Thibodeaux (NYG)","0","0","0","0","0","0","0","0","1","0.0","0.0","23.0%"
"415","Malik Herring (KC)","0","0","0","0","0","0","0","0","0","0","0","0.1%"
"416","Myjai Sanders (FA)","0","0","0","0","0","0","0","0","1","0.0","0.0","0.0%"
"417","Xavier Thomas (ARI)","0","0","0","0","0","0","0","0","0","0","0","0.0%"
"418","Azeez Ojulari (NYG)","0","1","0","0","0","0","0","0","1","0.0","0.0","1.9%"
"419","Joseph Ossai (CIN)","0","0","0","0","0","0","0","0","1","0.0","0.0","0.5%"
"420","David Bada (DET)","0","0","0","0","0","0","0","0","0","0","0","0.1%"
"421","Levi Onwuzurike (ARI)","0","0","0","0","0","0","0","0","0","0","0","0.4%"
"422","Marvin Wilson (ARI)","0","0","0","0","0","0","0","0","0","0","0","0.0%"
"423","Zaven Collins (ARI)","3","2","0","0","0","0","0","0","1","0.0","0.0","5.1%"
"424","Jaylen Twyman (ARI)","0","0","0","0","0","0","0","0","0","0","0","0.1%"
"425","Joe Tryon-Shoyinka (TB)","2","0","0","0","0","0","0","0","1","0.0","0.0","1.9%"
"426","Baron Browning (DEN)","2","1","0","0","0","0","0","0","1","0.0","0.0","5.3%"
"427","Jesse Luketa (ARI)","0","0","0","0","0","0","0","0","1","0.0","0.0","0.0%"
"428","Ryder Anderson (NYG)","0","0","0","0","0","0","0","0","0","0","0","4.0%"
"429","Luiji Vilain (CAR)","0","0","0","0","0","0","0","0","0","0","0","0.0%"
"430","Matthew Butler (LV)","0","0","0","0","0","0","0","0","0","0","0","0.0%"
"431","Marquan McCall (LV)","0","0","0","0","0","0","0","0","0","0","0","0.0%"
"432","Drake Jackson (SF)","0","0","0","0","0","0","0","0","0","0","0","0.9%"
"433","De'Shaan Dixon (JAC)","0","0","0","0","0","0","0","0","0","0","0","0.0%"
"434","Ty Shelby (LAC)","0","0","0","0","0","0","0","0","0","0","0","0.0%"
"435","Rayshad Nichols (BAL)","0","0","0","0","0","0","0","0","0","0","0","0.0%"
"436","Isaiah Foskey (NO)","0","0","0","0","0","0","0","0","0","0","0","0.9%"
"437","Jalen Carter (PHI)","0","0","0","0","0","0","0","0","0","0","0","13.3%"
"438","Nolan Smith Jr. (PHI)","0","0","0","0","0","0","0","0","0","0","0","5.8%"
"439","Sam Okuayinonu (SF)","0","0","0","0","0","0","0","0","0","0","0","0.0%"
"440","Haggai Ndubuisi (WAS)","0","0","0","0","0","0","0","0","0","0","0","0.0%"
"441","Daniel Hardy (CHI)","0","0","0","0","0","0","0","0","0","0","0","0.0%"
"442","Sam Roberts (NE)","0","0","0","0","0","0","0","0","0","0","0","0.0%"
"443","James Houston (DET)","0","0","0","0","0","0","0","0","0","0","0","1.3%"
"444","Jordan Jackson (DEN)","0","0","0","0","0","0","0","0","0","0","0","0.1%"
"445","Tyreke Smith (ARI)","0","0","0","0","0","0","0","0","0","0","0","0.1%"
"446","Logan Hall (TB)","0","0","0","0","0","0","0","0","1","0.0","0.0","1.3%"
"447","Arnold Ebiketie (ATL)","0","0","0","0","0","0","0","0","1","0.0","0.0","1.5%"
"448","Isaiah Thomas (CLE)","0","0","0","0","0","0","0","0","0","0","0","0.1%"
"449","Josh Paschal (DET)","0","0","0","0","0","0","0","0","1","0.0","0.0","1.4%"
"450","Tyler Davis (LAR)","0","0","0","0","0","0","0","0","0","0","0","0.0%"
"451","Justin Eboigbe (LAC)","0","0","0","0","0","0","0","0","0","0","0","0.3%"
"452","Byron Young (LV)","0","0","0","0","0","0","0","0","0","0","0","0.1%"
"453","Christopher Hinton (LAC)","0","0","0","0","0","0","0","0","0","0","0","0.1%"
"454","Neil Farrell Jr. (KC)","0","0","0","0","0","0","0","0","0","0","0","0.3%"
"455","David Ojabo (BAL)","0","0","0","0","0","0","0","0","0","0","0","3.1%"
"456","P.J. Mustipher (PHI)","0","0","0","0","0","0","0","0","0","0","0","0.1%"
"457","Eyioma Uwazurike (DEN)","0","0","0","0","0","0","0","0","0","0","0","1.0%"
"458","Matt Henningsen (DEN)","0","0","0","0","0","0","0","0","1","0.0","0.0","0.7%"
"459","Cameron Goode (MIA)","0","0","0","0","0","0","0","0","0","0","0","0.1%"
"460","Jeff Gunter (CIN)","0","0","0","0","0","0","0","0","0","0","0","0.1%"
"461","Esezi Otomewo (JAC)","0","0","0","0","0","0","0","0","0","0","0","1.0%"
"462","Jonathan Ford (GB)","0","0","0","0","0","0","0","0","0","0","0","0.0%"
"463","Dominique Robinson (CHI)","0","0","0","0","0","0","0","0","0","0","0","0.6%"
"464","Kyron Johnson (PIT)","0","0","0","0","0","0","0","0","0","0","0","0.1%"
"465","Popo Aumavae (CAR)","0","0","0","0","0","0","0","0","0","0","0","0.0%"
"466","Ali Gaye (HOU)","0","0","0","0","0","0","0","0","0","0","0","0.0%"
"467","DeAngelo Malone (ATL)","0","0","0","0","0","0","0","0","1","0.0","0.0","0.1%"
"468","Thomas Booker IV (PHI)","0","0","0","0","0","0","0","0","0","0","0","1.0%"
"469","Ochaun Mathis (LAR)","0","0","0","0","0","0","0","0","0","0","0","0.0%"
"470","Ben Stille (ARI)","0","0","0","0","0","0","0","0","0","0","0","0.1%"
"471","Deslin Alexandre (GB)","0","0","0","0","0","0","0","0","0","0","0","0.0%"
"472","Jerrod Clark (LAC)","0","0","0","0","0","0","0","0","0","0","0","0.0%"
"473","Zach VanValkenburg (LAR)","0","0","0","0","0","0","0","0","0","0","0","3.0%"
"474","Kalia Davis (SF)","0","0","0","0","0","0","0","0","0","0","0","0.1%"
"475","Jaden Crumedy (CAR)","0","0","0","0","0","0","0","0","0","0","0","0.0%"
"476","Arron Mosby (GB)","0","0","0","0","0","0","0","0","1","0.0","0.0","0.0%"
"477","DaQuan Jones (BUF)","0","0","0","0","0","0","0","0","0","0","0","0.6%"
"478","Khalil Mack (LAC)","4","0","0","0","0","0","0","0","1","0.0","0.0","52.3%"
"479","Kyle Van Noy (BAL)","0","3","0","0","0","0","0","0","1","0.0","0.0","7.4%"
"480","William Gholston (TB)","0","0","0","0","0","0","0","0","1","0.0","0.0","1.7%"
"481","Mike Pennel Jr. (KC)","0","0","0","0","0","0","0","0","0","0","0","0.3%"
"482","Shaquil Barrett (FA)","2","1","1","0","0","0","0","0","1","0.0","0.0","6.7%"
"483","Mike Purcell (FA)","0","0","0","0","0","0","0","0","1","0.0","0.0","0.0%"
"484","Jordan Miller (DEN)","0","0","0","0","0","0","0","0","0","0","0","0.0%"
"485","Von Miller (BUF)","1","0","0","0","0","0","0","0","1","0.0","0.0","2.3%"
"486","Stylez White (MIN)","0","0","0","0","0","0","0","0","0","0","0","0.0%"
"487","Robaire Smith (CLE)","0","0","0","0","0","0","0","0","0","0","0","0.0%"
"488","Demetric Evans (SF)","0","0","0","0","0","0","0","0","0","0","0","0.0%"
"489","Jerry Hughes (HOU)","0","0","0","0","0","0","0","0","1","0.0","0.0","0.6%"
"490","Brandon Graham (PHI)","0","0","0","0","0","0","0","0","0","0","0","1.8%"
"491","Myron Pryor (NE)","0","0","0","0","0","0","0","0","0","0","0","0.0%"
"492","Emmanuel Stephens (CLE)","0","0","0","0","0","0","0","0","0","0","0","0.0%"
"493","Auston English (CLE)","0","0","0","0","0","0","0","0","0","0","0","0.0%"
"494","Quentin Moses (MIA)","0","0","0","0","0","0","0","0","0","0","0","0.0%"
"495","Calais Campbell (MIA)","0","0","0","0","0","0","0","0","1","0.0","0.0","3.7%"
"496","Daniel Ekuale (NE)","0","0","0","0","0","0","0","0","0","0","0","0.1%"
"497","Jacob Martin (CHI)","0","0","0","0","0","0","0","0","0","0","0","0.3%"
"498","Christian Wilkins (LV)","0","0","0","0","0","0","0","0","0","0","0","47.1%"
"499","Genard Avery (IND)","0","0","0","0","0","0","0","0","0","0","0","0.0%"
"500","Zach Sieler (MIA)","0","0","0","0","0","0","0","0","0","0","0","25.1%"
"501","Kendal Vickers (NO)","0","0","0","0","0","0","0","0","0","0","0","0.1%"
"502","Jalyn Holmes (NYJ)","0","0","0","0","0","0","0","0","0","0","0","0.3%"
"503","Ogbo Okoronkwo (CLE)","1","1","0","1","0","0","0","0","1","0.0","0.0","2.0%"
"504","Matt Dickerson (KC)","0","0","0","0","0","0","0","0","0","0","0","0.1%"
"505","Demone Harris (ATL)","0","0","0","0","0","0","0","0","0","0","0","0.1%"
"506","Dennis Gardeck (ARI)","3","2","1","1","0","0","0","0","1","0.0","0.0","2.8%"
"507","Kemoko Turay (CAR)","0","0","0","0","0","0","0","0","0","0","0","0.1%"
"508","Alex Barrett (SF)","0","0","0","0","0","0","0","0","0","0","0","0.1%"
"509","Uchenna Nwosu (SEA)","0","0","0","0","0","0","0","0","0","0","0","16.4%"
"510","Poona Ford (LAC)","0","0","0","0","0","0","0","0","0","0","0","0.6%"
"511","Deadrin Senat (BAL)","0","0","0","0","0","0","0","0","0","0","0","1.0%"
"512","Marquis Haynes Sr. (FA)","1","0","0","0","0","0","0","0","1","0.0","0.0","0.6%"
"513","Harold Landry III (TEN)","4","5","1","0","0","0","0","0","1","0.0","0.0","23.2%"
"514","Bradley Chubb (MIA)","0","0","0","0","0","0","0","0","0","0","0","16.7%"
"515","Arden Key (TEN)","0","0","0","0","0","0","0","0","1","0.0","0.0","1.9%"
"516","Sam Hubbard (CIN)","0","0","0","0","0","0","0","0","0","0","0","21.2%"
"517","Marcus Davenport (DET)","0","0","0","0","0","0","0","0","0","0","0","1.9%"
"518","Lorenzo Carter (ATL)","1","0","0","0","0","0","0","0","1","0.0","0.0","1.4%"
"519","Da'Shawn Hand (MIA)","0","0","0","0","0","0","0","0","0","0","0","0.4%"
"520","Derrick Nnadi (KC)","0","0","0","0","0","0","0","0","0","0","0","0.8%"
"521","Josh Sweat (PHI)","0","0","0","0","0","0","0","0","0","0","0","13.9%"
"522","Matt Nelson (NYG)","0","0","0","0","0","0","0","0","0","0","0","0.0%"
"523","Quinton Bell (MIA)","0","0","0","0","0","0","0","0","0","0","0","0.0%"
"524","Malik Reed (FA)","0","1","0","0","0","0","0","0","1","0.0","0.0","0.0%"
"525","Trysten Hill (NE)","0","0","0","0","0","0","0","0","0","0","0","0.1%"
"526","Byron Cowart (CHI)","0","0","0","0","0","0","0","0","0","0","0","0.4%"
"527","Shy Tuttle (CAR)","0","0","0","0","0","0","0","0","1","0.0","0.0","1.7%"
"528","Jonathan Harris (MIA)","0","0","0","0","0","0","0","0","1","0.0","0.0","0.9%"
"529","Anthony Pittman (WAS)","0","0","0","0","0","0","0","0","0","0","0","0.0%"
"530","Isaiah Mack (MIA)","0","0","0","0","0","0","0","0","0","0","0","0.1%"
"531","Kevin Givens (SF)","0","0","0","0","0","0","0","0","1","0.0","0.0","0.3%"
"532","Mathieu Betts (DET)","0","0","0","0","0","0","0","0","0","0","0","0.0%"
"533","Raekwon Davis (IND)","0","0","0","0","0","0","0","0","0","0","0","0.3%"
"534","Rashan Gary (GB)","1","2","0","0","0","0","0","0","1","0.0","0.0","10.2%"
"535","Jachai Polite (LAR)","0","0","0","0","0","0","0","0","0","0","0","0.0%"
"536","Montez Sweat (CHI)","0","0","0","0","0","0","0","0","1","0.0","0.0","34.3%"
"537","Brian Burns (NYG)","0","0","0","0","0","0","0","0","0","0","0","41.7%"
"538","Oshane Ximines (NE)","0","0","0","0","0","0","0","0","0","0","0","0.0%"
"539","Isaiah Buggs (FA)","0","0","0","0","0","0","0","0","1","0.0","0.0","0.1%"
"540","Charles Omenihu (KC)","0","0","0","0","0","0","0","0","0","0","0","0.8%"
"541","Bruce Hector (NYJ)","0","0","0","0","0","0","0","0","0","0","0","0.0%"
"542","Armon Watts (NE)","0","0","0","0","0","0","0","0","1","0.0","0.0","0.6%"
"543","L.J. Collier (ARI)","0","0","0","0","0","0","0","0","0","0","0","0.9%"
"544","Andrew Van Ginkel (MIN)","0","0","0","0","0","0","0","0","0","0","0","10.4%"
"545","Austin Bryant (SF)","0","0","0","0","0","0","0","0","0","0","0","1.0%"
"546","Eli Ankou (BUF)","0","0","0","0","0","0","0","0","0","0","0","0.1%"
"547","Efe Obada (WAS)","0","0","0","0","0","0","0","0","1","0.0","0.0","0.0%"
"548","T.Y. McGill Jr. (SF)","0","0","0","0","0","0","0","0","0","0","0","0.1%"
"549","Chris Jones (KC)","0","0","0","0","0","0","0","0","0","0","0","24.9%"
"550","David Onyemata (ATL)","0","0","0","0","0","0","0","0","0","0","0","4.9%"
"551","Dean Lowry (PIT)","0","0","0","0","0","0","0","0","0","0","0","0.7%"
"552","Emmanuel Ogbah (MIA)","0","0","0","0","0","0","0","0","0","0","0","1.2%"
"553","Leonard Floyd (SF)","1","2","0","0","0","0","0","0","1","0.0","0.0","4.8%"
"554","Preston Smith (GB)","3","1","1","0","0","0","0","0","1","0.0","0.0","9.9%"
"555","Carl Davis Jr. (DAL)","0","0","0","0","0","0","0","0","0","0","0","1.1%"
"556","Grady Jarrett (ATL)","0","0","0","0","0","0","0","0","0","0","0","4.7%"
"557","Mario Edwards Jr. (HOU)","0","0","0","0","0","0","0","0","1","0.0","0.0","0.0%"
"558","Markus Golden (FA)","0","0","0","0","0","0","0","0","1","0.0","0.0","0.4%"
"559","Za'Darius Smith (CLE)","2","2","0.5","0","0","0","0","0","1","0.0","0.0","4.9%"
"560","Eddie Goldman (ATL)","0","0","0","0","0","0","0","0","0","0","0","0.3%"
"561","Randy Gregory (TB)","0","0","0","0","0","0","0","0","1","0.0","0.0","1.5%"
"562","Bud Dupree (LAC)","0","1","0","0","0","0","0","0","1","0.0","0.0","1.1%"
"563","Angelo Blackson (DEN)","0","0","0","0","0","0","0","0","0","0","0","0.1%"
"564","T.J. Watt (PIT)","7","1","1","0","0","0","0","0","1","0.0","0.0","79.0%"
"565","Haason Reddick (NYJ)","0","0","0","0","0","0","0","0","0","0","0","16.2%"
"566","Grover Stewart (IND)","0","0","0","0","0","0","0","0","0","0","0","3.0%"
"567","Derek Barnett (HOU)","0","0","0","0","0","0","0","0","0","0","0","0.9%"
"568","Takk McKinley (NYJ)","0","0","0","0","0","0","0","0","0","0","0","1.1%"
"569","Samson Ebukam (IND)","2","1","0","0","0","0","0","0","1","0.0","0.0","8.2%"
"570","Josh Tupou (BAL)","0","0","0","0","0","0","0","0","0","0","0","0.0%"
"571","Montravius Adams (PIT)","0","0","0","0","0","0","0","0","0","0","0","0.4%"
"572","Ifeadi Odenigbo (NYJ)","0","0","0","0","0","0","0","0","0","0","0","4.0%"
"573","Matthew Judon (NE)","0","0","0","0","0","0","0","0","0","0","0","17.0%"
"574","Zach Wood (NO)","0","0","0","0","0","0","0","0","1","0.0","0.0","0.0%"
"575","Malik Fisher (HOU)","0","0","0","0","0","0","0","0","0","0","0","0.0%"
""
""